designation,description,productid,imageid,prdtypecode,initial_index,image_name,designation_filtered,description_filtered,designation_translation
55 Cm Poup&#233;E R&#233;Aliste B&#233;B&#233; Shinehalo Poupon Reborn Baby Silicium Souple Doll En Vinyle Mignonne Jouet Cadeau Enfant,<p>  Shinehalo Reborn Baby Doll Silicon Soup Vinyle Membres PP Coton Corps Réaliste Fille Poupée Avec Belle Robe Cadeau Mignon Enfant Croissance Partenaire Belle Simulation Mode Pour Les Âges 3&#43;  Descriptions:  Nous sommes très concentrés sur les détails des poupées renaissantes - les expressions faciales géniales les cheveux taillés à la main de beaux vêtements bien ajustés des doigts et des orteils peints à la main et des coutures fermes. La poupée réaliste est non seulement le meilleur cadeau pour les enfants mais aussi pour les collectionneurs de poupées. Elle accompagne très bien les enfants et les collectionneurs. Cette poupée réaliste a un visage délicat des yeux bruns doux et innocents remplis d&#39;amour jusque dans ses orteils et ses pieds minuscules. Avec ses yeux brillants émerveillés et une tenue aussi belle quâ¿¿elle est. En outre tous les matériaux sont non toxiques de sorte qu&#39;il n&#39;y a pas de problème de sécurité à craindre.  Caractéristiques et points forts:  1. Yeux: a de grands yeux charmants les yeux sont en acrylique de haute qualité et ressemble à de vrais yeux de bébé clairs et lumineux extrêmement réalistes. Mais les yeux ne peuvent pas clignoter et se fermer.  2. Head: la simulation de tête de poupée reborn est une vraie taille de bébé très mignonne.  3.Cheveux: Les cheveux naturellement similaires du bébé en mohair brun enracinés à la main peuvent être lavés.  4.Les vêtements: le tissu est très joli et vous pouvez aussi le porter vous-même. vous pouvez acheter une robe de taille nouveau-né ou 0-3M pour elle.  5. Silicone Flex Touch Vinyl - Tellement meilleur qu&#39;un Silicone pur. Le vinyle de silicone Flex Touch est un matériau innovant à base de silicone qui procure un teint délicat et réaliste.  6.Applications: Cette poupée n&#39;est pas seulement un jouet pour enfants elle est également un bon objet de collection à collectionner pour les collectionneurs adultes. La poupée convient aux vêtements pour nouveau-nés et aux couches jetables pour nouveau-nés.  Remarque:  1.Nos poupées peuvent s&#39;asseoir et se coucher mais ne peuvent pas rester debout parler cligner de l&#39;oeil ou manger.  2.Son corps est un chiffon doux qui gâcherait la poupée si on le mettait dans l&#39;eau vous pouvez utiliser une serviette humide pour essuyer son visage ses mains et ses jambes en vinyle siliconé.  Spécifications et dimensions:  Hauteur: environ 55cm (de la tête aux pieds debout)  Poids: environ 13 kg  Matériel: silicium vinyle coton  Les yeux: restez ouverts ne peut pas fermer  Tranche d&#39;âge: 3&#43;  Contenu du colis:  1 * poupée mignonne  1 * robe (porter sur la poupée)  1 * biberon  1 * sucette  1 * couverture  Attention: évitez la suffocation maintenez le sac hors de portée des enfants! </p>,3929927548,1265199475,1280,9754,image_1265199475_product_3929927548,55 Cm PoupéE RéAliste BéBé Shinehalo Poupon Reborn Baby Silicium Souple Doll En Vinyle Mignonne Jouet Cadeau Enfant,Shinehalo Reborn Baby Doll Silicon Soup Vinyle Membres PP Coton Corps Réaliste Fille Poupée Avec Belle Robe Cadeau Mignon Enfant Croissance Partenaire Belle Simulation Mode Pour Les Âges 3+ Descriptions: Nous sommes très concentrés sur les détails des poupées renaissantes - les expressions faciales géniales les cheveux taillés à la main de beaux vêtements bien ajustés des doigts et des orteils peints à la main et des coutures fermes. La poupée réaliste est non seulement le meilleur cadeau pour les enfants mais aussi pour les collectionneurs de poupées. Elle accompagne très bien les enfants et les collectionneurs. Cette poupée réaliste a un visage délicat des yeux bruns doux et innocents remplis d'amour jusque dans ses orteils et ses pieds minuscules. Avec ses yeux brillants émerveillés et une tenue aussi belle quâ¿¿elle est. En outre tous les matériaux sont non toxiques de sorte qu'il n'y a pas de problème de sécurité à craindre. Caractéristiques et points forts: 1. Yeux: a de grands yeux charmants les yeux sont en acrylique de haute qualité et ressemble à de vrais yeux de bébé clairs et lumineux extrêmement réalistes. Mais les yeux ne peuvent pas clignoter et se fermer. 2. Head: la simulation de tête de poupée reborn est une vraie taille de bébé très mignonne. 3.Cheveux: Les cheveux naturellement similaires du bébé en mohair brun enracinés à la main peuvent être lavés. 4.Les vêtements: le tissu est très joli et vous pouvez aussi le porter vous-même. vous pouvez acheter une robe de taille nouveau-né ou 0-3M pour elle. 5. Silicone Flex Touch Vinyl - Tellement meilleur qu'un Silicone pur. Le vinyle de silicone Flex Touch est un matériau innovant à base de silicone qui procure un teint délicat et réaliste. 6.Applications: Cette poupée n'est pas seulement un jouet pour enfants elle est également un bon objet de collection à collectionner pour les collectionneurs adultes. La poupée convient aux vêtements pour nouveau-nés et aux couches jetables pour nouveau-nés. Remarque: 1.Nos poupées peuvent s'asseoir et se coucher mais ne peuvent pas rester debout parler cligner de l'oeil ou manger. 2.Son corps est un chiffon doux qui gâcherait la poupée si on le mettait dans l'eau vous pouvez utiliser une serviette humide pour essuyer son visage ses mains et ses jambes en vinyle siliconé. Spécifications et dimensions: Hauteur: environ 55cm (de la tête aux pieds debout) Poids: environ 13 kg Matériel: silicium vinyle coton Les yeux: restez ouverts ne peut pas fermer Tranche d'âge: 3+ Contenu du colis: 1 * poupée mignonne 1 * robe (porter sur la poupée) 1 * biberon 1 * sucette 1 * couverture Attention: évitez la suffocation maintenez le sac hors de portée des enfants!,55cm Realistic Baby Doll Shinehalo Reborn Baby Doll Soft Silicon Vinyl Doll Cute Toy Gift for Kids
Infécond Vorace &#43; Garde De Nuit Des Kalastria &#43; Retour Obéissant &#43; Malice Des Fondrières (Magic),,2871934095,1169256515,1160,9677,image_1169256515_product_2871934095,Infécond Vorace + Garde De Nuit Des Kalastria + Retour Obéissant + Malice Des Fondrières (Magic),,Fertile Ravenous + Night's Watch of Kalastria + Obedient Return + Malice of the Mires (Magic)
Maquette D'avion Syma X5uw 6 Axis Gyro Wifi Fpv Headless Quadcopter Hubschrauber Camera Ljf70724421-Générique,SYMAappareils de commande à distance simaX5UWLes grands drones aériens,4172827940,1307828300,1300,105,image_1307828300_product_4172827940,Maquette D'avion Syma X5uw 6 Axis Gyro Wifi Fpv Headless Quadcopter Hubschrauber Camera Ljf70724421-Générique,SYMAappareils de commande à distance simaX5UWLes grands drones aériens,Syma X5uw 6 Axis Gyro Wifi Fpv Headless Quadcopter Helicopter Camera Model Airplane Ljf70724421-Generic
Mi Libro De Cortar Y Pegar,,85849076,895279629,10,84900,image_895279629_product_85849076,Mi Libro De Cortar Y Pegar,,My Cut and Paste Book
Ord Och Bild Tjugunionde Årgången 1920 Nionde Häftet (Innehåll: Edvard Munchs Billeder I Universitetets Aula I Kristiania Av Sigurd Höst. Det Förvandlade Huset Av Fred. Vetterlund. ...,INNEHÅLL: Edvard Munchs billeder i universitetets aula i Kristiania av Sigurd Höst. Det förvandlade huset av Fred. Vetterlund. Polen av Alfred Jensen. Den himmelske förföljaren av Fr. Thompson...,248537140,964892757,10,7226,image_964892757_product_248537140,Ord Och Bild Tjugunionde Årgången 1920 Nionde Häftet (Innehåll: Edvard Munchs Billeder I Universitetets Aula I Kristiania Av Sigurd Höst. Det Förvandlade Huset Av Fred. Vetterlund. ...,INNEHÅLL: Edvard Munchs billeder i universitetets aula i Kristiania av Sigurd Höst. Det förvandlade huset av Fred. Vetterlund. Polen av Alfred Jensen. Den himmelske förföljaren av Fr. Thompson...,Word and Image Twenty-ninth Year 1920 Ninth Booklet (Contents: Edvard Munch's Pictures in the University Hall in Kristiania By Sigurd Höst. The Transformed House By Fred. Vetterlund. ...
Dotknij Mnie Zwierzeta Na Wsi,,775910088,1296992334,10,55283,image_1296992334_product_775910088,Dotknij Mnie Zwierzeta Na Wsi,,Touch Me Animals In The Countryside
Smilla's Gevoel Voor Sneeuw,Het aangrijpende relaas van een buitenstaander gewelddadig en hartstochtelijk spannend en scherp analyserend.,328188055,997172758,10,1641,image_997172758_product_328188055,Smilla's Gevoel Voor Sneeuw,Het aangrijpende relaas van een buitenstaander gewelddadig en hartstochtelijk spannend en scherp analyserend.,Smilla's Feeling for Snow
Video Tv Films N° 98 Du 01/09/1990 - Busqueda Traicion - Justicia Accion - Desnudos Regreso.,,435273724,1007734210,2280,102,image_1007734210_product_435273724,Video Tv Films N° 98 Du 01/09/1990 - Busqueda Traicion - Justicia Accion - Desnudos Regreso.,,Video Tv Films N° 98 From 01/09/1990 - Search for Betrayal - Justice Action - Nude Return.
Chenille tiger shark et aquavac x 2,Pièces destinées à la réparation et à l&#39;entretien des robots électriques Tiger Shark Dirt Devil pour piscines sélectionnées par Piscine Center.,3819983414,1249535681,2583,84224,image_1249535681_product_3819983414,Chenille tiger shark et aquavac x 2,Pièces destinées à la réparation et à l'entretien des robots électriques Tiger Shark Dirt Devil pour piscines sélectionnées par Piscine Center.,Tiger shark and aquavac caterpillar x 2
Figurine Dofus &#34;Tristecoeur&#34; - 2013,,2849690338,1168537253,1140,17901,image_1168537253_product_2849690338,"Figurine Dofus ""Tristecoeur"" - 2013",,"Dofus figurines ""Sadheart"" - 2013"
Bâche d&#39;hivernage pour piscine composite octogonale 664 x 386 m - Gré,Bâche d&#39;hivernage pour piscine de forme octogonale allongée de la marque Gré. Bâche fabriquée en France. 3 dimensions disponibles.,2647272542,1190251666,2583,17795,image_1190251666_product_2647272542,Bâche d'hivernage pour piscine composite octogonale 664 x 386 m - Gré,Bâche d'hivernage pour piscine de forme octogonale allongée de la marque Gré. Bâche fabriquée en France. 3 dimensions disponibles.,Winter cover for octagonal composite swimming pool 664 x 386 m - Gré
2 Jean DOrmesson Ed Gallimard 2017,,3479737325,1216313629,2403,17758,image_1216313629_product_3479737325,2 Jean D'Ormesson Ed Gallimard 2017,,2 Jean D'Ormesson Ed Gallimard 2017
Avengers L&#39;Intégrale 1963-1966 (3 Tomes Première Édition) Par Stan Lee Jack Kirby Et Don Heck,,3081564637,1276433042,2403,17705,image_1276433042_product_3081564637,Avengers L'Intégrale 1963-1966 (3 Tomes Première Édition) Par Stan Lee Jack Kirby Et Don Heck,,Avengers The Complete 1963-1966 (3 Volumes First Edition) By Stan Lee Jack Kirby And Don Heck
Lot D&#39;Un Poisson Et De 2 Hyppocampes Little Petshop,,2977128597,1177703749,1280,16399,image_1177703749_product_2977128597,Lot D'Un Poisson Et De 2 Hyppocampes Little Petshop,,Lot Of A Fish And 2 Seahorses Little Petshop
Réincarné Baby Doll Simulation Souple En Silicone Vinyle 22inch Réaliste De Cadeau De Noël @Jouet278,Réincarné Baby Doll Simulation souple en silicone Vinyle 22inch réaliste Noël Feature Present Little Helper du Père Noël: Doll Taille: 55cm poupée réaliste est rené Doll.The main sera une erreur de la taille et de la tête aux pieds weight.from avec une vraie touche de vinyle la tête le visage et les membres corps lesté pour un vrai bébé feel.Baby peut s&#39;insère dans des vêtements de bébé nouveau-né (taille de 0-3m). Matériel sûr et tactile Sentiment réel: Cette poupée bébé réaliste est livré avec un corps en tissu doux pondérée pour la sensation la plus réaliste lorsque vous blottir contre lui. La poupée à la main peut s&#39;asseoir et se coucher mais ne peut pas se tenir debout pleurer rire parler ou manger les membres sont poseable.She a de beaux détails peints à la main la main appliquée cils et cheveux magnifiques handrooted doux bébé-like. Mieux que Poupées Vinyl ordinaires: Les membres sont nuisette movable.Reborn peuvent s&#39;asseoir et poser facilement mais ne supporte pas parler ou être la main washed.Beautiful fixé yeux bruns cheveux bruns foncés la main appliquée cils et peint à la main les détails sur ses doigts et les yeux toes.The ne peut clignoter ou fermer. Collector et maman meilleur choix: Les cheveux peuvent être lavés et dressed.If les cheveux est un peu désordonné s&#39;il vous plaît utiliser le peigne perruque spéciale pour prendre soin gently.conforms aux exigences de sécurité de la norme ASTM F963 et EN71 pour 3 ans. cadeaux festival cadeaux d&#39;anniversaire les enfants jouent avec des jouets grand-papa ou grand-mère accompagne collection de poupées amateurs et collectionneurs. Ce bambin sécurité non toxique fille poupée est grande pour les enfants jouent avec des jouets grand-père ou grand-mère Accompagnez poupée cadeaux de Noël cadeaux d&#39;anniversaire. Commandez maintenant et prenez l&#39;amour à la maison Contenu d&#39;emballage:,4139328642,1298367234,1280,16279,image_1298367234_product_4139328642,Réincarné Baby Doll Simulation Souple En Silicone Vinyle 22inch Réaliste De Cadeau De Noël,Réincarné Baby Doll Simulation souple en silicone Vinyle 22inch réaliste Noël Feature Present Little Helper du Père Noël: Doll Taille: 55cm poupée réaliste est rené Doll.The main sera une erreur de la taille et de la tête aux pieds weight.from avec une vraie touche de vinyle la tête le visage et les membres corps lesté pour un vrai bébé feel.Baby peut s'insère dans des vêtements de bébé nouveau-né (taille de 0-3m). Matériel sûr et tactile Sentiment réel: Cette poupée bébé réaliste est livré avec un corps en tissu doux pondérée pour la sensation la plus réaliste lorsque vous blottir contre lui. La poupée à la main peut s'asseoir et se coucher mais ne peut pas se tenir debout pleurer rire parler ou manger les membres sont poseable.She a de beaux détails peints à la main la main appliquée cils et cheveux magnifiques handrooted doux bébé-like. Mieux que Poupées Vinyl ordinaires: Les membres sont nuisette movable.Reborn peuvent s'asseoir et poser facilement mais ne supporte pas parler ou être la main washed.Beautiful fixé yeux bruns cheveux bruns foncés la main appliquée cils et peint à la main les détails sur ses doigts et les yeux toes.The ne peut clignoter ou fermer. Collector et maman meilleur choix: Les cheveux peuvent être lavés et dressed.If les cheveux est un peu désordonné s'il vous plaît utiliser le peigne perruque spéciale pour prendre soin gently.conforms aux exigences de sécurité de la norme ASTM F963 et EN71 pour 3 ans. cadeaux festival cadeaux d'anniversaire les enfants jouent avec des jouets grand-papa ou grand-mère accompagne collection de poupées amateurs et collectionneurs. Ce bambin sécurité non toxique fille poupée est grande pour les enfants jouent avec des jouets grand-père ou grand-mère Accompagnez poupée cadeaux de Noël cadeaux d'anniversaire. Commandez maintenant et prenez l'amour à la maison Contenu d'emballage:,Reborn Baby Doll Simulation Soft Silicone Vinyl 22inch Realistic Christmas Gift
3d Miroir Hexagone Vinyle Bricolage Sticker Mural Décalque Amovible Décor À La Maison Magideal,<p><b>La description:</b></p><br /><p> 100% neuf et haute qualité. </p><p> Peut être utilisé dans le mur de réglage de la télévision le mur de réglage du canapé la salle à manger le salon la chambre à coucher la cuisine la salle de bain et l&#39;armoire à appliquer sur n&#39;importe quelle surface lisse. </p><p> Poids léger facile à installer bon effet miroir.Mode personnalisé espace commercial de la maison bricolage décoratif. </p><p> Utilisation de matériaux respectueux de l&#39;environnement non toxique durabilité imperméable à l&#39;eau. Matériaux amovibles en acrylique. </p><p> Livré avec des autocollants à l&#39;arrière peut être directement attaché correctement installé pour assurer que ne jamais tomber. </p><p><br /></p><br /><p><b>spécification:</b></p><br /><p> Matériel: acrylique </p><p> Taille: </p><p> S - Env. 16x18.4cm / 6.29x7.24inch </p><p> M - Env. 20x23cm / 8x9.05inch </p><p> L - Env. 23x26.5cm / 9.05x10.43inch </p><p><br /></p><br /><p><b>Le forfait comprend:</b></p><br /><p> Autocollant miroir en vinyle hexagonal de 7 pièces </p><br />,4186642972,1314766457,2060,16255,image_1314766457_product_4186642972,3d Miroir Hexagone Vinyle Bricolage Sticker Mural Décalque Amovible Décor À La Maison Magideal,La description: 100% neuf et haute qualité. Peut être utilisé dans le mur de réglage de la télévision le mur de réglage du canapé la salle à manger le salon la chambre à coucher la cuisine la salle de bain et l'armoire à appliquer sur n'importe quelle surface lisse. Poids léger facile à installer bon effet miroir.Mode personnalisé espace commercial de la maison bricolage décoratif. Utilisation de matériaux respectueux de l'environnement non toxique durabilité imperméable à l'eau. Matériaux amovibles en acrylique. Livré avec des autocollants à l'arrière peut être directement attaché correctement installé pour assurer que ne jamais tomber. spécification: Matériel: acrylique Taille: S - Env. 16x18.4cm / 6.29x7.24inch M - Env. 20x23cm / 8x9.05inch L - Env. 23x26.5cm / 9.05x10.43inch Le forfait comprend: Autocollant miroir en vinyle hexagonal de 7 pièces,3d Mirror Hexagon Vinyl DIY Wall Sticker Decal Removable Home Decor Magideal
"2 Albums ""La Vie De Tous Les Jours"" - Hemma",,166656382,920480889,2403,16116,image_920480889_product_166656382,"2 Albums ""La Vie De Tous Les Jours"" - Hemma",,"2 Albums ""Everyday Life"" - Hemma"
Bâche à bulles renforcée pour piscine tubulaire ovale 610 x 305 m - Intex,Bâche à bulles renforcée pour piscine ovale de la marque Intex. Permet de maintenir la température de l&#39;eau de votre piscine en évitant la déperdition de chaleur pendant la nuit.De couleur bleue elle est diponible en 3 dimensions : ? UTF00148 : pour piscine tubulaire ovale mesurant 4 x 2 m / Dimensions de la bâche : 389 x 188 m / Épaisseur : 120 microns.? UTF00149 : pour piscine tubulaire ovale mesurant 503 x 274 m / Dimensions de la bâche : 488 x 257 m / Épaisseur : 160 microns.? UTF00150 : pour piscine tubulaire ovale mesurant 610 x 305 m / Dimensions de la bâche : 597 x 284 m / Épaisseur : 160 microns.,3902123795,1261971045,2583,15830,image_1261971045_product_3902123795,Bâche à bulles renforcée pour piscine tubulaire ovale 610 x 305 m - Intex,Bâche à bulles renforcée pour piscine ovale de la marque Intex. Permet de maintenir la température de l'eau de votre piscine en évitant la déperdition de chaleur pendant la nuit.De couleur bleue elle est diponible en 3 dimensions : ? UTF00148 : pour piscine tubulaire ovale mesurant 4 x 2 m / Dimensions de la bâche : 389 x 188 m / Épaisseur : 120 microns.? UTF00149 : pour piscine tubulaire ovale mesurant 503 x 274 m / Dimensions de la bâche : 488 x 257 m / Épaisseur : 160 microns.? UTF00150 : pour piscine tubulaire ovale mesurant 610 x 305 m / Dimensions de la bâche : 597 x 284 m / Épaisseur : 160 microns.,Reinforced bubble cover for oval tubular swimming pool 610 x 305 m - Intex
Joyeux Noël Metal Cutting Dies Pochoirs Scrapbooking Bricolage Embosser Artisanat I Kitchen Supplies 2453,Joyeux Noël Metal Cutting Dies Pochoirs Scrapbooking embosser Bricolage Artisanat IDescription: gaufrage bricolage main peut aider à la capacité des enfants à développer intelligenceMade de matériaux en acier une bonne dureté et doux touch.Best pour faire une belle cards.It de voeux peut faire une forme différente de l&#39;artisanat en papier .Qui peut être utilisé pour couper gaufrer ou stencil.These meurent coupes vous permettra de faire des cartes faites maison des cadres et des coupes cutouts.Die ou formes gaufrer avec votre machine manuelle préféré vous pouvez même utiliser ces filières comme pochoirs. Et significative Amusing dépêchez-vous de it.Size essayer: 55x90mmMaterial: Carbon ACIERCOULEUR: Sliver Le paquet contient: 1 Pc Dies coupe,4197489996,1313115551,1560,15266,image_1313115551_product_4197489996,Joyeux Noël Metal Cutting Dies Pochoirs Scrapbooking Bricolage Embosser Artisanat I Kitchen Supplies 2453,Joyeux Noël Metal Cutting Dies Pochoirs Scrapbooking embosser Bricolage Artisanat IDescription: gaufrage bricolage main peut aider à la capacité des enfants à développer intelligenceMade de matériaux en acier une bonne dureté et doux touch.Best pour faire une belle cards.It de voeux peut faire une forme différente de l'artisanat en papier .Qui peut être utilisé pour couper gaufrer ou stencil.These meurent coupes vous permettra de faire des cartes faites maison des cadres et des coupes cutouts.Die ou formes gaufrer avec votre machine manuelle préféré vous pouvez même utiliser ces filières comme pochoirs. Et significative Amusing dépêchez-vous de it.Size essayer: 55x90mmMaterial: Carbon ACIERCOULEUR: Sliver Le paquet contient: 1 Pc Dies coupe,Merry Christmas Metal Cutting Dies Stencils Scrapbooking DIY Embossing Craft I Kitchen Supplies 2453
Nuits D&#39;Or Matelas Très Ferme Densité 35 Kg/M3 - 21 Cm - Orthopédique &#43; Oreiller À Mémoire De Forme Valeur 89 - 160x200,<p>Mousse Haute Densité AERTECH&#43; 35 kg/m3</p><p>- Hauteur 21cm</p><p>- SOUTIEN TRES FERME pour un bon maintien du dos. &#43; Oreiller à Mémoire de Forme</p><p>- Faces hiver et été pour une durée de vie du matelas plus longue.</p><p>Tissu stretch 3D Hyper ventilé</p><p>- anti-acariens anti-bactériens antifongique et hypoallergénique</p><p>- Matériaux OEKO-TEX 100</p><p>- Garanti 5 ans</p><p>- Soutien: Très Ferme</p><p>- Accueil: Ferme</p><p>- Indépendance de couchage: Bonne</p><br /><p>Mousse Polyuréthane Haute Densité AERTECH&#43; 35 kg/m3 Hauteur 21 CM pour un SOUTIEN TRES FERME et un très bon maintien du dos. Mousse Haute Résilience pour une longue durée de vie du matelas Deux faces de couchage pour une durée de vie du matelas plus longue.</p><p>Tissu stretch 100 % polyester 3D pour une ventilation maximale bande perimétrale matelassée avec 4 poignées et 2 aérateurs</p><p>- Matelassage 450 gr/mÂ² termoflex B respirant (60% coton / 40% polyester)</p><p>- Traité anti-acariens anti-bactériens antifongique et hypoallergénique tous les matériaux sont certifiés OEKO</p><p>-TEX STANDARD 100</p><p>- Portance 34 Kpa</p><p>- Ame : 19 cm</p><p>- Hauteur: 21 cm</p><p>- Garantie 5 ans</p><p>- Soutien: Très ferme</p><p>- Accueil: ferme</p><p>- Indépendance de couchage: bonne</p><p>- Faces de couchage réversibles</p><p>- Matelas livré roulé &#43; Oreiller Mousse à Mémoire de Forme 55 Kg/m3 sensible à la chaleur et auto-modelant.</p><p>Il réduit les points de pression et garantit un soutien optimal de la zone des cervicales.</p><p>ERGONOMIQUE</p><p>- MOUSSE MOULEE</p><p>- ANTIBACTERIEN</p><p>- PAS DE CFC</p><p>- INDEFORMABLE</p><p>- ANTI TRANSPIRANT</p><p>- SANS COLLE</p><p>- ANALLERGIQUE</p><p>- RECYCLABLE</p><p>- VISCOELASTIQUE</p>,1432385895,1079746989,1560,14826,image_1079746989_product_1432385895,Nuits D'Or Matelas Très Ferme Densité 35 Kg/M3 - 21 Cm - Orthopédique + Oreiller À Mémoire De Forme Valeur 89 - 160x200,Mousse Haute Densité AERTECH+ 35 kg/m3 - Hauteur 21cm - SOUTIEN TRES FERME pour un bon maintien du dos. + Oreiller à Mémoire de Forme - Faces hiver et été pour une durée de vie du matelas plus longue. Tissu stretch 3D Hyper ventilé - anti-acariens anti-bactériens antifongique et hypoallergénique - Matériaux OEKO-TEX 100 - Garanti 5 ans - Soutien: Très Ferme - Accueil: Ferme - Indépendance de couchage: Bonne Mousse Polyuréthane Haute Densité AERTECH+ 35 kg/m3 Hauteur 21 CM pour un SOUTIEN TRES FERME et un très bon maintien du dos. Mousse Haute Résilience pour une longue durée de vie du matelas Deux faces de couchage pour une durée de vie du matelas plus longue. Tissu stretch 100 % polyester 3D pour une ventilation maximale bande perimétrale matelassée avec 4 poignées et 2 aérateurs - Matelassage 450 gr/m2 termoflex B respirant (60% coton / 40% polyester) - Traité anti-acariens anti-bactériens antifongique et hypoallergénique tous les matériaux sont certifiés OEKO -TEX STANDARD 100 - Portance 34 Kpa - Ame : 19 cm - Hauteur: 21 cm - Garantie 5 ans - Soutien: Très ferme - Accueil: ferme - Indépendance de couchage: bonne - Faces de couchage réversibles - Matelas livré roulé + Oreiller Mousse à Mémoire de Forme 55 Kg/m3 sensible à la chaleur et auto-modelant. Il réduit les points de pression et garantit un soutien optimal de la zone des cervicales. ERGONOMIQUE - MOUSSE MOULEE - ANTIBACTERIEN - PAS DE CFC - INDEFORMABLE - ANTI TRANSPIRANT - SANS COLLE - ANALLERGIQUE - RECYCLABLE - VISCOELASTIQUE,Nuits D'Or Very Firm Mattress Density 35 Kg/M3 - 21 Cm - Orthopedic + Memory Foam Pillow Value 89 - 160x200
